legacy_url,new_url,status,reason
"https://schillingspartners.com/news/10-things-lawyers-should-consider-when-instructing-investigators","https://schillingspartners.com/news/10-things-lawyers-should-consider-when-instructing-investigators/","301","news-migration"
"https://schillingspartners.com/news/5-steps-to-make-instagram-safer","https://schillingspartners.com/news/5-steps-to-make-instagram-safer/","301","news-migration"
"https://schillingspartners.com/news/5-steps-to-take-now-to-better-manage-your-familys-digital-portfolio","https://schillingspartners.com/news/5-steps-to-take-now-to-better-manage-your-familys-digital-portfolio/","301","news-migration"
"https://schillingspartners.com/news/a-new-brand-for-a-new-era","https://schillingspartners.com/news/a-new-brand-for-a-new-era/","301","news-migration"
"https://schillingspartners.com/news/adam-wilkinson-spears-security-intelligence-and-investigations-index","https://schillingspartners.com/news/adam-wilkinson-spears-security-intelligence-and-investigations-index/","301","news-migration"
"https://schillingspartners.com/news/ai-voice-technology-privacy-security-risks","https://schillingspartners.com/news/ai-voice-technology-privacy-security-risks/","301","news-migration"
"https://schillingspartners.com/news/an-asset-tracers-alphabet","https://schillingspartners.com/news/an-asset-tracers-alphabet/","301","news-migration"
"https://schillingspartners.com/news/apprentice-tolu-ayeni-wins-at-city-century-awards","https://schillingspartners.com/news/apprentice-tolu-ayeni-wins-at-city-century-awards/","301","news-migration"
"https://schillingspartners.com/news/asset-tracing-treasure-hunt","https://schillingspartners.com/news/asset-tracing-treasure-hunt/","301","news-migration"
"https://schillingspartners.com/news/ben-hobbs-joelle-rich-win-citywealth-future-leaders-awards-2021","https://schillingspartners.com/news/ben-hobbs-joelle-rich-win-citywealth-future-leaders-awards-2021/","301","news-migration"
"https://schillingspartners.com/news/beyonce-of-the-legal-world-the-rt-hon-the-baroness-hale-of-richmond","https://schillingspartners.com/news/beyonce-of-the-legal-world-the-rt-hon-the-baroness-hale-of-richmond/","301","news-migration"
"https://schillingspartners.com/news/black-friday-fraud-shop-safely-online","https://schillingspartners.com/news/black-friday-fraud-shop-safely-online/","301","news-migration"
"https://schillingspartners.com/news/breaking-into-legal-sector-law-firm-investigator","https://schillingspartners.com/news/breaking-into-legal-sector-law-firm-investigator/","301","news-migration"
"https://schillingspartners.com/news/brittany-damora-promoted-to-partner","https://schillingspartners.com/news/brittany-damora-promoted-to-partner/","301","news-migration"
"https://schillingspartners.com/news/chamber-partners-2023-schillings-retains-band-1","https://schillingspartners.com/news/chamber-partners-2023-schillings-retains-band-1/","301","news-migration"
"https://schillingspartners.com/news/chambers-2023-intelligence-investigations-band-2","https://schillingspartners.com/news/chambers-2023-intelligence-investigations-band-2/","301","news-migration"
"https://schillingspartners.com/news/claiming-credit-managing-risk-and-winning-in-the-court-of-public-opinion-communication-lessons-from-the-frontline-of-government-communications","https://schillingspartners.com/news/claiming-credit-managing-risk-and-winning-in-the-court-of-public-opinion-communication-lessons-from-the-frontline-of-government-communications/","301","news-migration"
"https://schillingspartners.com/news/combating-ceo-fraud-scams","https://schillingspartners.com/news/combating-ceo-fraud-scams/","301","news-migration"
"https://schillingspartners.com/news/companies-house-reforms-tackle-privacy-concerns","https://schillingspartners.com/news/companies-house-reforms-tackle-privacy-concerns/","301","news-migration"
"https://schillingspartners.com/news/david-imison-and-rod-christie-miller-recognised-in-spears-power-list-2025","https://schillingspartners.com/news/david-imison-and-rod-christie-miller-recognised-in-spears-power-list-2025/","301","news-migration"
"https://schillingspartners.com/news/david-imison-appointed-ceo-of-schillings","https://schillingspartners.com/news/david-imison-appointed-ceo-of-schillings/","301","news-migration"
"https://schillingspartners.com/news/deepfake-the-rising-risk-and-how-to-protect-yourself","https://schillingspartners.com/news/deepfake-the-rising-risk-and-how-to-protect-yourself/","301","news-migration"
"https://schillingspartners.com/news/diy-due-diligence-analysing-your-digital-footprint","https://schillingspartners.com/news/diy-due-diligence-analysing-your-digital-footprint/","301","news-migration"
"https://schillingspartners.com/news/does-free-wi-fi-come-at-a-cost-to-our-privacy","https://schillingspartners.com/news/does-free-wi-fi-come-at-a-cost-to-our-privacy/","301","news-migration"
"https://schillingspartners.com/news/eleven-schillings-experts-recognised-in-citywealth-leaders-list-2025","https://schillingspartners.com/news/eleven-schillings-experts-recognised-in-citywealth-leaders-list-2025/","301","news-migration"
"https://schillingspartners.com/news/facebooks-oversight-board-what-is-it-and-will-it-make-a-difference","https://schillingspartners.com/news/facebooks-oversight-board-what-is-it-and-will-it-make-a-difference/","301","news-migration"
"https://schillingspartners.com/news/fake-news","https://schillingspartners.com/news/fake-news/","301","news-migration"
"https://schillingspartners.com/news/family-first-how-principals-can-safeguard-their-success","https://schillingspartners.com/news/family-first-how-principals-can-safeguard-their-success/","301","news-migration"
"https://schillingspartners.com/news/family-office-communications-strategy","https://schillingspartners.com/news/family-office-communications-strategy/","301","news-migration"
"https://schillingspartners.com/news/five-join-schillings-partnership-in-landmark-year-of-growth","https://schillingspartners.com/news/five-join-schillings-partnership-in-landmark-year-of-growth/","301","news-migration"
"https://schillingspartners.com/news/from-teenagers-to-trustees-managing-the-multigenerational-digital-divide","https://schillingspartners.com/news/from-teenagers-to-trustees-managing-the-multigenerational-digital-divide/","301","news-migration"
"https://schillingspartners.com/news/gdpr-two-years-onthe-story-so-far","https://schillingspartners.com/news/gdpr-two-years-onthe-story-so-far/","301","news-migration"
"https://schillingspartners.com/news/googles-secret-weapon-parisa-tabriz","https://schillingspartners.com/news/googles-secret-weapon-parisa-tabriz/","301","news-migration"
"https://schillingspartners.com/news/how-can-organisations-prepare-for-a-cyberattack","https://schillingspartners.com/news/how-can-organisations-prepare-for-a-cyberattack/","301","news-migration"
"https://schillingspartners.com/news/how-do-you-ensure-you-remain-resilient-and-pass-on-a-resilient-mindset-to-your-team","https://schillingspartners.com/news/how-do-you-ensure-you-remain-resilient-and-pass-on-a-resilient-mindset-to-your-team/","301","news-migration"
"https://schillingspartners.com/news/how-gcs-can-protect-companies-from-geopolitical-headwinds","https://schillingspartners.com/news/how-gcs-can-protect-companies-from-geopolitical-headwinds/","301","news-migration"
"https://schillingspartners.com/news/how-geopolitics-is-reshaping-the-luxury-sector---and-impacting-its-reputation-c848d","https://schillingspartners.com/news/how-geopolitics-is-reshaping-the-luxury-sector-and-impacting-its-reputation-c848d/","301","news-migration"
"https://schillingspartners.com/news/how-secure-is-your-whatsapp-profile","https://schillingspartners.com/news/how-secure-is-your-whatsapp-profile/","301","news-migration"
"https://schillingspartners.com/news/how-to-create-a-leadership-legacy","https://schillingspartners.com/news/how-to-create-a-leadership-legacy/","301","news-migration"
"https://schillingspartners.com/news/how-to-create-an-esg-policy-that-protects-your-reputation","https://schillingspartners.com/news/how-to-create-an-esg-policy-that-protects-your-reputation/","301","news-migration"
"https://schillingspartners.com/news/how-to-emerge-from-the-2021-agm-season-with-your-c-suites-best-foot-forward","https://schillingspartners.com/news/how-to-emerge-from-the-2021-agm-season-with-your-c-suites-best-foot-forward/","301","news-migration"
"https://schillingspartners.com/news/how-to-inspire-and-empower-the-next-generation-through-a-leadership-legacy","https://schillingspartners.com/news/how-to-inspire-and-empower-the-next-generation-through-a-leadership-legacy/","301","news-migration"
"https://schillingspartners.com/news/how-to-read-the-media-like-an-investigator","https://schillingspartners.com/news/how-to-read-the-media-like-an-investigator/","301","news-migration"
"https://schillingspartners.com/news/how-to-shape-the-purpose-of-an-organisation-and-influence-and-inspire-your-team","https://schillingspartners.com/news/how-to-shape-the-purpose-of-an-organisation-and-influence-and-inspire-your-team/","301","news-migration"
"https://schillingspartners.com/news/how-to-stay-one-step-ahead-of-litigation-threats-in-a-business-unusual-world","https://schillingspartners.com/news/how-to-stay-one-step-ahead-of-litigation-threats-in-a-business-unusual-world/","301","news-migration"
"https://schillingspartners.com/news/how-to-use-emergency-sos-on-your-iphone","https://schillingspartners.com/news/how-to-use-emergency-sos-on-your-iphone/","301","news-migration"
"https://schillingspartners.com/news/integrated-response-high-stakes","https://schillingspartners.com/news/","301","removed-editorial-stub"
"https://schillingspartners.com/news/integrated-response-high-stakes/","https://schillingspartners.com/news/","301","removed-editorial-stub"
"https://schillingspartners.com/news/information-wins-why-an-integrated-approach-to-intelligence-and-forensics-is-a-smart-move-for-litigators","https://schillingspartners.com/news/information-wins-why-an-integrated-approach-to-intelligence-and-forensics-is-a-smart-move-for-litigators/","301","news-migration"
"https://schillingspartners.com/news/inside-intelligence-and-investigations-life-as-a-graduate-analyst-at-schillings","https://schillingspartners.com/news/inside-intelligence-and-investigations-life-as-a-graduate-analyst-at-schillings/","301","news-migration"
"https://schillingspartners.com/news/intelligence-gathering-and-case-strategy-lifting-the-lid","https://schillingspartners.com/news/intelligence-gathering-and-case-strategy-lifting-the-lid/","301","news-migration"
"https://schillingspartners.com/news/jenny-afia-billboards-2021-top-music-lawyers","https://schillingspartners.com/news/jenny-afia-billboards-2021-top-music-lawyers/","301","news-migration"
"https://schillingspartners.com/news/jenny-afia-billboards-top-music-lawyers-2025","https://schillingspartners.com/news/jenny-afia-billboards-top-music-lawyers-2025/","301","news-migration"
"https://schillingspartners.com/news/jenny-afia-interviewed-by-the-lawyer-magazine-about-schillings-litigation-work","https://schillingspartners.com/news/jenny-afia-interviewed-by-the-lawyer-magazine-about-schillings-litigation-work/","301","news-migration"
"https://schillingspartners.com/news/jenny-afia-named-as-one-of-billboards-top-music-lawyers-2023","https://schillingspartners.com/news/jenny-afia-named-as-one-of-billboards-top-music-lawyers-2023/","301","news-migration"
"https://schillingspartners.com/news/jenny-afia-recognised-in-billboards-2022-top-music-lawyers-list","https://schillingspartners.com/news/jenny-afia-recognised-in-billboards-2022-top-music-lawyers-list/","301","news-migration"
"https://schillingspartners.com/news/josh-leigh-digital-resilience-lead-elected-to-the-schillings-partnership","https://schillingspartners.com/news/josh-leigh-digital-resilience-lead-elected-to-the-schillings-partnership/","301","news-migration"
"https://schillingspartners.com/news/josh-leigh-on-disinformation-ai-and-reputation-resilience","https://schillingspartners.com/news/josh-leigh-on-disinformation-ai-and-reputation-resilience/","301","news-migration"
"https://schillingspartners.com/news/leaders-behaving-badly-business-the-news-cycle-and-managing-reputational-risk","https://schillingspartners.com/news/leaders-behaving-badly-business-the-news-cycle-and-managing-reputational-risk/","301","news-migration"
"https://schillingspartners.com/news/leave-a-legacy","https://schillingspartners.com/news/leave-a-legacy/","301","news-migration"
"https://schillingspartners.com/news/lets-hope-tough-new-rules-on-childrens-online-data-collection-deliver-and-give-parents-peace-of-mind","https://schillingspartners.com/news/lets-hope-tough-new-rules-on-childrens-online-data-collection-deliver-and-give-parents-peace-of-mind/","301","news-migration"
"https://schillingspartners.com/news/life-after-the-pandemic-tips-for-managing-the-return-to-the-workplace","https://schillingspartners.com/news/life-after-the-pandemic-tips-for-managing-the-return-to-the-workplace/","301","news-migration"
"https://schillingspartners.com/news/life-in-lockdown-tips-on-surviving-isolation-from-a-kidnap-survivor","https://schillingspartners.com/news/life-in-lockdown-tips-on-surviving-isolation-from-a-kidnap-survivor/","301","news-migration"
"https://schillingspartners.com/news/lily-kennett-and-victoria-obyrne-published-in-step-handbook-for-advisers","https://schillingspartners.com/news/lily-kennett-and-victoria-obyrne-published-in-step-handbook-for-advisers/","301","news-migration"
"https://schillingspartners.com/news/lily-kennett-wins-gold-at-citywealths-future-leaders-awards-2020-for-initiative-of-the-year","https://schillingspartners.com/news/lily-kennett-wins-gold-at-citywealths-future-leaders-awards-2020-for-initiative-of-the-year/","301","news-migration"
"https://schillingspartners.com/news/management-todays-35-under-35-caroline-marshall","https://schillingspartners.com/news/management-todays-35-under-35-caroline-marshall/","301","news-migration"
"https://schillingspartners.com/news/managing-a-confident-and-secure-return-to-office-life","https://schillingspartners.com/news/managing-a-confident-and-secure-return-to-office-life/","301","news-migration"
"https://schillingspartners.com/news/managing-your-digital-reputation-has-more-in-common-with-your-financial-portfolio-than-you-think","https://schillingspartners.com/news/managing-your-digital-reputation-has-more-in-common-with-your-financial-portfolio-than-you-think/","301","news-migration"
"https://schillingspartners.com/news/maud-west-the-fearless-sleuth-in-disguise","https://schillingspartners.com/news/maud-west-the-fearless-sleuth-in-disguise/","301","news-migration"
"https://schillingspartners.com/news/no-comment-how-strategic-communication-can-strengthen-a-business-security","https://schillingspartners.com/news/no-comment-how-strategic-communication-can-strengthen-a-business-security/","301","news-migration"
"https://schillingspartners.com/news/online-data-protection-for-adults-is-not-working-according-to-research-commissioned-by-schillings","https://schillingspartners.com/news/online-data-protection-for-adults-is-not-working-according-to-research-commissioned-by-schillings/","301","news-migration"
"https://schillingspartners.com/news/online-file-sharing-translation-tools-privacy-at-risk","https://schillingspartners.com/news/online-file-sharing-translation-tools-privacy-at-risk/","301","news-migration"
"https://schillingspartners.com/news/partner-adam-wilkinson-speaks-to-the-sunday-times-about-security-stalkers-and-high-profile-sports-stars","https://schillingspartners.com/news/partner-adam-wilkinson-speaks-to-the-sunday-times-about-security-stalkers-and-high-profile-sports-stars/","301","news-migration"
"https://schillingspartners.com/news/peter-yapp-wins-outstanding-cyber-security-consultant-of-the-year","https://schillingspartners.com/news/peter-yapp-wins-outstanding-cyber-security-consultant-of-the-year/","301","news-migration"
"https://schillingspartners.com/news/phil-hartley-promoted-to-partner","https://schillingspartners.com/news/phil-hartley-promoted-to-partner/","301","news-migration"
"https://schillingspartners.com/news/post-pandemic-travel-risks-concerns-safety","https://schillingspartners.com/news/post-pandemic-travel-risks-concerns-safety/","301","news-migration"
"https://schillingspartners.com/news/pr-week-hat-trick-for-schillings-communications-victoria-obyrne-and-george-pascoe-watson","https://schillingspartners.com/news/pr-week-hat-trick-for-schillings-communications-victoria-obyrne-and-george-pascoe-watson/","301","news-migration"
"https://schillingspartners.com/news/privacy-and-video-are-you-revealing-too-much","https://schillingspartners.com/news/privacy-and-video-are-you-revealing-too-much/","301","news-migration"
"https://schillingspartners.com/news/privacy-risks-when-investing-in-property","https://schillingspartners.com/news/privacy-risks-when-investing-in-property/","301","news-migration"
"https://schillingspartners.com/news/protecting-success-how-to-prepare-your-family-office-for-the-next-cyber-attack","https://schillingspartners.com/news/protecting-success-how-to-prepare-your-family-office-for-the-next-cyber-attack/","301","news-migration"
"https://schillingspartners.com/news/protecting-your-properties-whilst-on-lockdown","https://schillingspartners.com/news/protecting-your-properties-whilst-on-lockdown/","301","news-migration"
"https://schillingspartners.com/news/rachel-atkins-and-joelle-rich-shortlisted-in-spears-wealth-management-awards-2021","https://schillingspartners.com/news/rachel-atkins-and-joelle-rich-shortlisted-in-spears-wealth-management-awards-2021/","301","news-migration"
"https://schillingspartners.com/news/rachel-atkins-citywealths-top-private-client-litigators","https://schillingspartners.com/news/rachel-atkins-citywealths-top-private-client-litigators/","301","news-migration"
"https://schillingspartners.com/news/rachel-atkins-recognised-in-citywealths-top-100-international-private-client-litigation-lawyers-2022","https://schillingspartners.com/news/rachel-atkins-recognised-in-citywealths-top-100-international-private-client-litigation-lawyers-2022/","301","news-migration"
"https://schillingspartners.com/news/raising-capital-why-your-reputation-matters","https://schillingspartners.com/news/raising-capital-why-your-reputation-matters/","301","news-migration"
"https://schillingspartners.com/news/record-number-of-schillings-partners-ranked-in-the-2024-spears-reputation-index","https://schillingspartners.com/news/record-number-of-schillings-partners-ranked-in-the-2024-spears-reputation-index/","301","news-migration"
"https://schillingspartners.com/news/reputation-and-threat-monitoring-why-early-insight-is-key","https://schillingspartners.com/news/reputation-and-threat-monitoring-why-early-insight-is-key/","301","news-migration"
"https://schillingspartners.com/news/reputation-extortion-and-the-gold-standard-of-critical-risk-response","https://schillingspartners.com/news/reputation-extortion-and-the-gold-standard-of-critical-risk-response/","301","news-migration"
"https://schillingspartners.com/news/reputation-in-the-ai-era-5-steps-to-help-you-build-resilience","https://schillingspartners.com/news/reputation-in-the-ai-era-5-steps-to-help-you-build-resilience/","301","news-migration"
"https://schillingspartners.com/news/reputation-risks-for-advisors-in-aftermath-of-a-data-leak","https://schillingspartners.com/news/reputation-risks-for-advisors-in-aftermath-of-a-data-leak/","301","news-migration"
"https://schillingspartners.com/news/rod-christie-miller-named-in-inaugural-spears-power-list-2023","https://schillingspartners.com/news/rod-christie-miller-named-in-inaugural-spears-power-list-2023/","301","news-migration"
"https://schillingspartners.com/news/sam-ahujas-promotion-to-partner-grows-schillings-tech-and-investment-sector-expertise","https://schillingspartners.com/news/sam-ahujas-promotion-to-partner-grows-schillings-tech-and-investment-sector-expertise/","301","news-migration"
"https://schillingspartners.com/news/schillings-announces-pro-bono-partnership-on-two-important-international-projects","https://schillingspartners.com/news/schillings-announces-pro-bono-partnership-on-two-important-international-projects/","301","news-migration"
"https://schillingspartners.com/news/schillings-appoints-abby-stanglin-as-intelligence-investigations-director","https://schillingspartners.com/news/schillings-appoints-abby-stanglin-as-intelligence-investigations-director/","301","news-migration"
"https://schillingspartners.com/news/schillings-awarded-band-1-defamation-reputation-management-high-net-worth-ranking-by-chambers","https://schillingspartners.com/news/schillings-awarded-band-1-defamation-reputation-management-high-net-worth-ranking-by-chambers/","301","news-migration"
"https://schillingspartners.com/news/schillings-awarded-band-1-ranking-for-legal-500-guide-2022","https://schillingspartners.com/news/schillings-awarded-band-1-ranking-for-legal-500-guide-2022/","301","news-migration"
"https://schillingspartners.com/news/schillings-awarded-band-2-ranking-intelligence-investigations-chambers-2024","https://schillingspartners.com/news/schillings-awarded-band-2-ranking-intelligence-investigations-chambers-2024/","301","news-migration"
"https://schillingspartners.com/news/schillings-awarded-band-3-investigations-ranking-by-chambers","https://schillingspartners.com/news/schillings-awarded-band-3-investigations-ranking-by-chambers/","301","news-migration"
"https://schillingspartners.com/news/schillings-clare-locke-and-giles-george-announce-strategic-alliance","https://schillingspartners.com/news/schillings-clare-locke-and-giles-george-announce-strategic-alliance/","301","news-migration"
"https://schillingspartners.com/news/schillings-communications-tops-pr-weeks-leading-crisis-and-reputation-advisors","https://schillingspartners.com/news/schillings-communications-tops-pr-weeks-leading-crisis-and-reputation-advisors/","301","news-migration"
"https://schillingspartners.com/news/schillings-critical-risk-awarded-gold-citywealth-brand-management-and-reputation-awards","https://schillingspartners.com/news/schillings-critical-risk-awarded-gold-citywealth-brand-management-and-reputation-awards/","301","news-migration"
"https://schillingspartners.com/news/schillings-dominates-spears-in-the-reputation-managers-index-2021","https://schillingspartners.com/news/schillings-dominates-spears-in-the-reputation-managers-index-2021/","301","news-migration"
"https://schillingspartners.com/news/schillings-experts-speak-to-the-currency-on-dublin-expansion-and-reputation-landscape","https://schillingspartners.com/news/schillings-experts-speak-to-the-currency-on-dublin-expansion-and-reputation-landscape/","301","news-migration"
"https://schillingspartners.com/news/schillings-invests-in-hush-ai-privacy-start-up","https://schillingspartners.com/news/schillings-invests-in-hush-ai-privacy-start-up/","301","news-migration"
"https://schillingspartners.com/news/schillings-invests-in-tech-start-up-legendary","https://schillingspartners.com/news/schillings-invests-in-tech-start-up-legendary/","301","news-migration"
"https://schillingspartners.com/news/schillings-is-top-ranked-in-chambers-defamation-reputation-management-guide-2023","https://schillingspartners.com/news/schillings-is-top-ranked-in-chambers-defamation-reputation-management-guide-2023/","301","news-migration"
"https://schillingspartners.com/news/schillings-launches-apprenticeship-scheme-widening-access-to-legal-profession","https://schillingspartners.com/news/schillings-launches-apprenticeship-scheme-widening-access-to-legal-profession/","301","news-migration"
"https://schillingspartners.com/news/schillings-launches-documentary-about-online-privacy","https://schillingspartners.com/news/schillings-launches-documentary-about-online-privacy/","301","news-migration"
"https://schillingspartners.com/news/schillings-launches-dublin-office-expanding-global-reach","https://schillingspartners.com/news/schillings-launches-dublin-office-expanding-global-reach/","301","news-migration"
"https://schillingspartners.com/news/schillings-launches-new-strategic-communications-business","https://schillingspartners.com/news/schillings-launches-new-strategic-communications-business/","301","news-migration"
"https://schillingspartners.com/news/schillings-lead-the-way-in-business-intelligence-and-investigations","https://schillingspartners.com/news/schillings-lead-the-way-in-business-intelligence-and-investigations/","301","news-migration"
"https://schillingspartners.com/news/schillings-leading-firm-business-intelligence-investigations-chambers-2025","https://schillingspartners.com/news/schillings-leading-firm-business-intelligence-investigations-chambers-2025/","301","news-migration"
"https://schillingspartners.com/news/schillings-leads-the-way-in-spears-2022-reputation-management-index","https://schillingspartners.com/news/schillings-leads-the-way-in-spears-2022-reputation-management-index/","301","news-migration"
"https://schillingspartners.com/news/schillings-moves-to-band-1-ranking-in-chambers-2022-defamation-reputation-management-high-net-worth","https://schillingspartners.com/news/schillings-moves-to-band-1-ranking-in-chambers-2022-defamation-reputation-management-high-net-worth/","301","news-migration"
"https://schillingspartners.com/news/schillings-one-of-the-best-companies-to-work-for","https://schillingspartners.com/news/schillings-one-of-the-best-companies-to-work-for/","301","news-migration"
"https://schillingspartners.com/news/schillings-partners-with-leading-travel-risk-management-provider-healix","https://schillingspartners.com/news/schillings-partners-with-leading-travel-risk-management-provider-healix/","301","news-migration"
"https://schillingspartners.com/news/schillings-partners-with-online-safety-charity-swgfl","https://schillingspartners.com/news/schillings-partners-with-online-safety-charity-swgfl/","301","news-migration"
"https://schillingspartners.com/news/schillings-partners-with-the-childrens-commisioner-to-protect-children-from-online-harms","https://schillingspartners.com/news/schillings-partners-with-the-childrens-commisioner-to-protect-children-from-online-harms/","301","news-migration"
"https://schillingspartners.com/news/schillings-pro-bono-update-with-our-ongoing-work-for-lilongwe-wildlife-trust","https://schillingspartners.com/news/schillings-pro-bono-update-with-our-ongoing-work-for-lilongwe-wildlife-trust/","301","news-migration"
"https://schillingspartners.com/news/schillings-promotes-two-new-partners-natasha-hibbert-adam-wilkinson","https://schillingspartners.com/news/schillings-promotes-two-new-partners-natasha-hibbert-adam-wilkinson/","301","news-migration"
"https://schillingspartners.com/news/schillings-proudly-supports-glitchs-ripple-effect-report-on-the-impact-of-online-abuse-during-lockdown","https://schillingspartners.com/news/schillings-proudly-supports-glitchs-ripple-effect-report-on-the-impact-of-online-abuse-during-lockdown/","301","news-migration"
"https://schillingspartners.com/news/schillings-record-number-of-partners-recognised-2025-spears-500","https://schillingspartners.com/news/schillings-record-number-of-partners-recognised-2025-spears-500/","301","news-migration"
"https://schillingspartners.com/news/schillings-retains-band-1-ranking-in-chambers-defamation-reputation-management-guide-2022","https://schillingspartners.com/news/schillings-retains-band-1-ranking-in-chambers-defamation-reputation-management-guide-2022/","301","news-migration"
"https://schillingspartners.com/news/schillings-retains-band-1-ranking-in-the-the-legal-500-uk-2024-guide-for-reputation-management","https://schillingspartners.com/news/schillings-retains-band-1-ranking-in-the-the-legal-500-uk-2024-guide-for-reputation-management/","301","news-migration"
"https://schillingspartners.com/news/schillings-retains-prestigious-ranking-for-intelligence-investigations-in-chambers-2022","https://schillingspartners.com/news/schillings-retains-prestigious-ranking-for-intelligence-investigations-in-chambers-2022/","301","news-migration"
"https://schillingspartners.com/news/schillings-retains-top-rankings-in-chambers-and-legal-500-for-2026","https://schillingspartners.com/news/schillings-retains-top-rankings-in-chambers-and-legal-500-for-2026/","301","news-migration"
"https://schillingspartners.com/news/schillings-wins-gold-at-citywealth-magic-circle-awards","https://schillingspartners.com/news/schillings-wins-gold-at-citywealth-magic-circle-awards/","301","news-migration"
"https://schillingspartners.com/news/seventeen-schillings-partners-recognised-in-spears-reputation-indices-2026","https://schillingspartners.com/news/seventeen-schillings-partners-recognised-in-spears-reputation-indices-2026/","301","news-migration"
"https://schillingspartners.com/news/sextortion-recognise-the-risks","https://schillingspartners.com/news/sextortion-recognise-the-risks/","301","news-migration"
"https://schillingspartners.com/news/sophisticated-reputation-management-for-family-businesses","https://schillingspartners.com/news/sophisticated-reputation-management-for-family-businesses/","301","news-migration"
"https://schillingspartners.com/news/succession-planning-mitigating-managing-risks","https://schillingspartners.com/news/succession-planning-mitigating-managing-risks/","301","news-migration"
"https://schillingspartners.com/news/the-bbc-apologises-to-sir-james-dyson","https://schillingspartners.com/news/the-bbc-apologises-to-sir-james-dyson/","301","news-migration"
"https://schillingspartners.com/news/the-big-green-2021-risk-you-might-not-notice-until-its-too-late","https://schillingspartners.com/news/the-big-green-2021-risk-you-might-not-notice-until-its-too-late/","301","news-migration"
"https://schillingspartners.com/news/the-digital-matrix-building-resilient-reputations-in-the-age-of-ai","https://schillingspartners.com/news/the-digital-matrix-building-resilient-reputations-in-the-age-of-ai/","301","news-migration"
"https://schillingspartners.com/news/the-fake-news-pandemic-and-how-to-handle-it","https://schillingspartners.com/news/the-fake-news-pandemic-and-how-to-handle-it/","301","news-migration"
"https://schillingspartners.com/news/the-fake-vaccine-scam-and-how-to-spot-it","https://schillingspartners.com/news/the-fake-vaccine-scam-and-how-to-spot-it/","301","news-migration"
"https://schillingspartners.com/news/the-hyper-growth-of-synthetic-media-all-is-not-as-it-seems","https://schillingspartners.com/news/the-hyper-growth-of-synthetic-media-all-is-not-as-it-seems/","301","news-migration"
"https://schillingspartners.com/news/the-reputational-risks-of-returning-to-the-office-and-how-to-manage-them","https://schillingspartners.com/news/the-reputational-risks-of-returning-to-the-office-and-how-to-manage-them/","301","news-migration"
"https://schillingspartners.com/news/the-schillings-approach-to-asset-tracing","https://schillingspartners.com/news/the-schillings-approach-to-asset-tracing/","301","news-migration"
"https://schillingspartners.com/news/the-schillings-approach-to-counter-extortion-operations","https://schillingspartners.com/news/the-schillings-approach-to-counter-extortion-operations/","301","news-migration"
"https://schillingspartners.com/news/the-schillings-approach-to-countering-smear-campaigns","https://schillingspartners.com/news/the-schillings-approach-to-countering-smear-campaigns/","301","news-migration"
"https://schillingspartners.com/news/the-schillings-approach-to-diplomacy","https://schillingspartners.com/news/the-schillings-approach-to-diplomacy/","301","news-migration"
"https://schillingspartners.com/news/the-schillings-approach-to-protecting-reputation--privacy-and-security-across-africa","https://schillingspartners.com/news/the-schillings-approach-to-protecting-reputation-privacy-and-security-across-africa/","301","news-migration"
"https://schillingspartners.com/news/the-schillings-approach-to-protecting-reputation--privacy-and-security-in-latin-america","https://schillingspartners.com/news/the-schillings-approach-to-protecting-reputation-privacy-and-security-in-latin-america/","301","news-migration"
"https://schillingspartners.com/news/the-schillings-approach-to-security","https://schillingspartners.com/news/the-schillings-approach-to-security/","301","news-migration"
"https://schillingspartners.com/news/the-schillings-approach-to-surviving-cancel-culture","https://schillingspartners.com/news/the-schillings-approach-to-surviving-cancel-culture/","301","news-migration"
"https://schillingspartners.com/news/the-surprisingly-simple-secret-to-protecting-your-reputation","https://schillingspartners.com/news/the-surprisingly-simple-secret-to-protecting-your-reputation/","301","news-migration"
"https://schillingspartners.com/news/the-times-lawyer-of-the-week-jenny-afia","https://schillingspartners.com/news/the-times-lawyer-of-the-week-jenny-afia/","301","news-migration"
"https://schillingspartners.com/news/the-ultimate-social-media-privacy-guide","https://schillingspartners.com/news/the-ultimate-social-media-privacy-guide/","301","news-migration"
"https://schillingspartners.com/news/thirteen-partners-recognised-2023-spears-reputation-index","https://schillingspartners.com/news/thirteen-partners-recognised-2023-spears-reputation-index/","301","news-migration"
"https://schillingspartners.com/news/three-important-privacy-lessons-we-can-learn-from-the-barclay-brothers-dispute","https://schillingspartners.com/news/three-important-privacy-lessons-we-can-learn-from-the-barclay-brothers-dispute/","301","news-migration"
"https://schillingspartners.com/news/three-part-approach-for-risk-management-planning","https://schillingspartners.com/news/three-part-approach-for-risk-management-planning/","301","news-migration"
"https://schillingspartners.com/news/three-ways-to-apply-behavioural-science-to-crisis-planning","https://schillingspartners.com/news/three-ways-to-apply-behavioural-science-to-crisis-planning/","301","news-migration"
"https://schillingspartners.com/news/tim-ramsey-mbe-joins-schillings-partnership","https://schillingspartners.com/news/tim-ramsey-mbe-joins-schillings-partnership/","301","news-migration"
"https://schillingspartners.com/news/twelve-schillings-partners-featured-in-spears-500-guide-to-top-hnw-advisors","https://schillingspartners.com/news/twelve-schillings-partners-featured-in-spears-500-guide-to-top-hnw-advisors/","301","news-migration"
"https://schillingspartners.com/news/understanding-reputation-from-your-uber-score","https://schillingspartners.com/news/understanding-reputation-from-your-uber-score/","301","news-migration"
"https://schillingspartners.com/news/vibe-coding-and-the-next-wave-of-ai-impersonation","https://schillingspartners.com/news/vibe-coding-and-the-next-wave-of-ai-impersonation/","301","news-migration"
"https://schillingspartners.com/news/victoria-anderson-shortlisted-for-diversity-champion-of-the-year-at-the-burberry-british-diversity-awards","https://schillingspartners.com/news/victoria-anderson-shortlisted-for-diversity-champion-of-the-year-at-the-burberry-british-diversity-awards/","301","news-migration"
"https://schillingspartners.com/news/we-need-to-find-commercial-models-that-dont-infringe-peoples-basic-human-right-to-privacy","https://schillingspartners.com/news/we-need-to-find-commercial-models-that-dont-infringe-peoples-basic-human-right-to-privacy/","301","news-migration"
"https://schillingspartners.com/news/what-are-fitness-apps-doing-with-our-data","https://schillingspartners.com/news/what-are-fitness-apps-doing-with-our-data/","301","news-migration"
"https://schillingspartners.com/news/what-is-digital-forensics-and-why-is-it-essential-for-lawyers","https://schillingspartners.com/news/what-is-digital-forensics-and-why-is-it-essential-for-lawyers/","301","news-migration"
"https://schillingspartners.com/news/why-cyberstalking-is-on-the-rise-and-how-to-stop-it","https://schillingspartners.com/news/why-cyberstalking-is-on-the-rise-and-how-to-stop-it/","301","news-migration"
"https://schillingspartners.com/news/why-tech-start-ups-need-a-reputation-strategy","https://schillingspartners.com/news/why-tech-start-ups-need-a-reputation-strategy/","301","news-migration"
"https://schillingspartners.com/news/why-work-in-media-law-privacy-defamation","https://schillingspartners.com/news/why-work-in-media-law-privacy-defamation/","301","news-migration"
"https://schillingspartners.com/news/why-you-might-be-accepting-fake-news-without-realising-it","https://schillingspartners.com/news/why-you-might-be-accepting-fake-news-without-realising-it/","301","news-migration"
"https://schillingspartners.com/news/youll-hand-email-scammers-your-money-and-smile","https://schillingspartners.com/news/youll-hand-email-scammers-your-money-and-smile/","301","news-migration"
